{"mean": [38.91732059592858, 85.01649039008302, 40.83600591379506, 83.8072330262709, 49.790970089844194, 65.66461958375982, 51.20755146138974, 44.52337086318663, 56.86853178664847, 33.59683839417718, 60.46684862959172, 34.78062094848175, 55.02968270214944, 34.97952917093142, 47.43966791766178, 28.95496417604913], "scale": [34.208748484627314, 16.265980546958513, 26.335502375650282, 19.131460136942835, 34.162185346618166, 26.979295807510162, 30.55235138586907, 29.885838830353286, 34.129525664604536, 27.24378861701256, 37.2186677118532, 27.097038508683006, 22.33074187344726, 33.10861185776699, 41.81646391784376, 35.79286061987416]}