{"mean": [38.83714318207665, 85.17036278858183, 40.65961560332082, 83.87467303536904, 49.64255657909701, 65.5918344137382, 51.171386330035254, 44.45240532241556, 56.75810303650631, 33.57682247242124, 60.33401569430229, 34.757079495052885, 54.84737859661094, 34.89673604003185, 47.39895371318094, 28.75093824633231], "scale": [34.283046565601914, 16.278757009629064, 26.227265730565016, 19.059818593762596, 34.05572990185335, 26.941947636429237, 30.677776607393202, 29.849416099660356, 34.08806852722904, 27.254344840461446, 37.27631569211195, 27.129100105516255, 22.344360879299177, 32.9983513270262, 41.7256157144805, 35.67756612391491]}